name,birth date
Jacob Aagaard,1973-07-31
Nijat Abasov,1995-05-14
Hasan Abbasifar,1972-08-11
Farid Abbasov,1979-01-31
Zhansaya Abdumalik,2000-01-12
Nodirbek Abdusattorov,2004-09-18
Thal Abergel,1982-10-13
Boško Abramović,1951-02-14
Aryam Abreu Delgado,
Péter Ács,1981-05-10
Gergely Aczel,
Michael Adams (chess player),1971-11-17
Adhiban Baskaran,1992-08-15
Aditya Mittal (chess player)?action=edit&redlink=1,
Al Khatib Ahmad?action=edit&redlink=1,
Ahmed Adly,1987-02-18
András Adorján,1950-03-31
Nikita Afanasiev,2000-08-29
Djakhangir Agaragimov,1986-12-15
Simen Agdestein,1967-05-15
Cemil Aghamaliyev,1974-08-31
Robert Aghasaryan,
Evgeny Agrest,1966-08-15
Luis Lázaro Agüero Jiménez,1991-01-05
Georgy Agzamov,1954-09-06
Yuriy Ajrapetjan,
G. Akash,1996-10-01
Kazbek Akbaev,
Ralf Åkesson,1961-02-08
Varuzhan Akobian,1983-11-19
Vladimir Akopian,1971-12-07
Mohamad Naser Al Sayed,1981-11-02
Mohamad Al-Modiahki,1974-06-01
Vladimir Alatortsev,1909-05-14
Arseny Alavkin,
Carlos Daniel Albornoz Cabrera,2000-12-26
Lev Alburt,1945-08-21
Aleksej Aleksandrov,1973-05-11
Kirill Alekseenko,1997-06-22
Evgeny Alekseev (chess player),1985-11-28
Cemil Can Ali Marandi,1998-01-17
Zoltán Almási,1976-08-29
Omar Almeida Quintana,
Alvar Alonso Rosell,1992-09-13
Salvador Alonso,
Daniel Alsina Leal,1988-05-10
Boris Alterman,
Aramis Alvarez Pedraza,
Mesgen Amanov,1986-09-06
Bassem Amin,1988-09-09
Farrukh Amonatov,1978-04-13
Dimitris Anagnostopoulos,
Viswanathan Anand,1969-12-11
Ashot Anastasian,1964-07-10
Mads Andersen (chess player),1995-03
Ulf Andersson,1951-06-27
Eduard Andreev,1980-03-12
Dmitry Andreikin,1990-02-05
Zaven Andriasian,1989-03-11
Darko Anić (chess player),1957-04-30
Pavel Anisimov,
Emil Anka,1969-01-20
Meilis Annaberdiev,1985-11-24
Orazly Annageldyev,
Babakuli Annakov,
Gergely Antal,1985-03-20
Dejan Antić,1968-12-09
Mikhail Antipov,1997-06-10
David Antón Guijarro,1995-06-23
Rafał Antoniewski,1980-12-03
"Rogelio Antonio, Jr.",1962-02-19
Vladimir Antoshin,
Antônio Antunes,1962-02-06
Manuel Apicella,1970-04-19
Ralf Appel,
Ketevan Arakhamia-Grant,1968-07-19
Aravindh Chithambaram,1999-09-11
Valentin Arbakov,
Ardiansyah,1951-12-05
David Arenas,1991-12-29
Walter Arencibia Rodríguez,1967-07-21
Alexander Areshchenko,1986-06-15
Julen Luis Arizmendi Martínez,1976-07-05
Keith Arkell,1961-01-08
Sergey Arkhipov (chess player),1954-06-23
Jón Loftur Árnason,1960-11-13
G. Petar Arnaudov,1986-08-08
Marc Tyler Arnold,1992-11-20
Levon Aronian,1982-10-06
Levan Aroshidze,1985-07-09
Angel Arribas Lopez,1993-11-27
Vladislav Artemiev,1998-03-05
Subramanian Arun Prasad,1988-04-21
David Arutinian,
Aryan Chopra,2001-12-10
Georgy Arzumanian,
Vugar Asadli,2001-10-09
Bolat Asanov,
Konstantin Aseev,
Maurice Ashley,1966-03-06
Hipolito Asis Gargatagli,1986-08-17
Marat Askarov,1987-06-29
Karen Asrian,1980-04-24
Maksat Atabayev,1994-11-28
Yusup Atabayev,1994-05-11
Suat Atalık,1964-10-10
Yuri Averbakh,1922-02-08
Valeriy Aveskulov,1986-01-31
Santiago Avila Pavas?action=edit&redlink=1,
Boris Avrukh,1978-02-10
Sergei Azarov,1983-05-19
Zurab Azmaiparashvili,1960-03-16
Rashad Babaev,1981-09-03
Levon Babujian,1986-05-08
Vlastimil Babula,1973-10-02
Alexander Baburin,1967-02-19
Yusnel Bacallao Alonso,1988-06-21
Axel Bachmann,1989-11-04
Étienne Bacrot,1983-01-22
Bela Badea,1969-02-21
Giorgi Bagaturov,1964-11-28
Vahe Baghdasaryan,1993-03-20
Amir Bagheri,1978-09-20
Rufat Bagirov,1979-10-10
Vladimir Bagirov,1936-08-16
Alexander Bagrationi (chess),1990-07-13
Bai Jinshi,1999-05-18
Pierre Bailet?action=edit&redlink=1,
Ulvi Bajarani,1995-01-27
Vladimir Baklan,1978-02-25
Tejas Bakre,1981-05-12
Praveen Balakrishnan,2002-05-21
Yuri Balashov,1949-03-12
Marco Baldauf,1990-04-16
Rosendo Balinas Jr.,
Ilia Balinov,1966-07-28
Imre Balog,1991-10-28
Csaba Balogh,1987-03-10
Hristos Banikas,1978-05-20
Tamás Bánusz,1989-04-08
David Baramidze,1988-09-27
Gerardo Barbero,1961-08-21
Evandro Amorim Barbosa,1992-08-24
Oliver Barbosa,1986-09-29
Rogelio Barcenilla,1972-01-23
Gedeon Barcza,1911-08-21
László Bárczay,1936-02-21
Evgeny Bareev,1966-11-21
Dragan Barlov,1957-01-30
Tal Baron,1992-08-07
Sergio Barrientos,1986-06-29
Alexei Barsov,1966-04-03
Mateusz Bartel,1985-01-03
Dibyendu Barua,1966-10-27
Cerdas Barus,1961-01-01
Andrei Baryshpolets?action=edit&redlink=1,
Pier Luigi Basso,1997-12-15
Tsegmed Batchuluun,1987-02-04
Nino Batsiashvili,1987-01-01
Dambasürengiin Batsüren,2004-01-22
Sapar Batyrov,1967-11-29
Christian Bauer,1977-01-11
Julio Becerra Rivero,1973-10-15
Melor Bedia,1979-09-26
Valeri Beim,
Alexander Beliavsky,1953-12-17
Vladimir Belikov (chess player)?action=edit&redlink=1,
Slim Belkhodja,1962-11-23
Bilel Bellahcene,1998-03-14
Juan Manuel Bellón López,1950-05-08
Vladimir Belous,1993-07-29
Vladimir Belov (chess player),1984-08-06
Andrei Belozerov,1977-06-17
Davit Benidze,1991-02-15
Joel Benjamin,1964-03-11
Pal Benko,1928-07-15
Dávid Bérczes,1990-01-14
Dylan Isidro Berdayes Ason?action=edit&redlink=1,
Igor Berdichevski,1964-07-15
Alexander Berelowitsch,1967-07-02
Alin Berescu,1980-04-14
Emanuel Berg,1981-12-28
Ferenc Berkes,1985-08-08
Vitaliy Bernadskiy,1994-11-17
Jan Bernášek,1986-05-31
Ossip Bernstein,1882-09-20
Sergei Beshukov,1971-04-01
Alexei Bezgodov,1969-06-30
Michael Bezold?action=edit&redlink=1,
Harsha Bharathakoti?action=edit&redlink=1,
Vinay Bhat,1984-06-04
Sumiya Bilguun,1997-01-01
István Bilek,1932-08-11
Falko Bindrich,1990-10-17
Klaus Bischoff,1961-06-09
Arthur Bisguier,1929-10-08
Faruk Bistrić,1958-01-01
Richard Bitoon,1975-12-14
Peter Biyiasas,1950-11-19
Jonas Buhl Bjerre,2004-06-26
Dragiša Blagojević,1966-01-01
Pavel Blatný,1968-06-22
Paweł Blehm,1980-04-17
Felix Blohberger,2002-08-20
Erik Blomqvist (chess player),1990-10-19
Matthias Blübaum,1997-04-18
Mark Bluvshtein,1988-04-20
Milko Bobotsov,
Piotr Bobras,1977-09-09
Dmitry Bocharov,1982-10-20
Ivan Bocharov (chess player)?action=edit&redlink=1,
Stanislav Bogdanovich,1993-02-04
Vlatko Bogdanovski,1964-12-31
Sebastian Bogner,1991-01-17
Efim Bogoljubow,1889-04-14
Boban Bogosavljević,1988-04-26
Dejan Bojkov,1977-07-03
Benjamin Bok,1995-01-25
Julio Bolbochán,1920-03-20
Isaac Boleslavsky,1919-06-09
Victor Bologan,1971-12-14
Igor Bondarevsky,1913-05-12
Uwe Bönsch,1958-10-15
Eero Böök,1910-02-09
Juan Borges Mateos?action=edit&redlink=1,
Jure Borišek?action=edit&redlink=1,
Dénes Boros?action=edit&redlink=1,
Vladislav Borovikov?action=edit&redlink=1,
Olexandr Bortnyk,1996-10-18
Avital Boruchovsky,1997-03-15
Marin Bosiočić,1988-08-08
Mikhail Botvinnik,1911-08-17
Slim Bouaziz,1950-04-16
Daan Brandenburg,1987-11-14
Arik Braun,1988-02-08
Slaviša Brenjo?action=edit&redlink=1,
Emmanuel Bricard?action=edit&redlink=1,
Ante Brkić,1988-03-31
David Brodsky,2002-08-19
Michail Brodsky?action=edit&redlink=1,
Stefan Bromberger?action=edit&redlink=1,
David Bronstein,1924-02-19
Michael Brown (chess player),1997-08-24
Walter Browne,1949-01-10
Sabino Brunello,1989-06-27
Lucas Brunner,1967-05-29
Lázaro Bruzón Batista,1982-05-02
Mikhail Bryakin?action=edit&redlink=1,
Stellan Brynell,1962-09-28
Kirill Bryzgalin?action=edit&redlink=1,
Bu Xiangzhi,1985-12-10
Luka Budisavljević,2004-01-22
Rainer Buhmann,1981-02-20
Bùi Vĩnh?action=edit&redlink=1,
Ivan Bukavshin,1995-05-03
Enver Bukić,1937-12-02
Krzysztof Bulski,1987-02-12
Dimitri Bunzmann?action=edit&redlink=1,
Twan Burg?action=edit&redlink=1,
John M. Burke,2001-07
Vladimir Burmakin,1967-06-06
Algimantas Butnorius,1946-02-20
Anatoly Bykhovsky,1988-11-19
Avigdor Bykhovsky?action=edit&redlink=1,
Robert Byrne (chess player),1928-04-20
Alexis Cabrera (chess player)?action=edit&redlink=1,
Goran Čabrilo,1958-07-01
Daniel Cámpora,1957-06-30
Javier Campos Moreno?action=edit&redlink=1,
Emre Can (chess player),1990-01-21
Esteban Canal,1896-04-19
Cao Sang?action=edit&redlink=1,
Jose Gabriel Cardoso Cardoso?action=edit&redlink=1,
Magnus Carlsen,1990-11-30
Pontus Carlsson,1982-12-18
Fabiano Caruana,1992-07-30
Israel Caspi?action=edit&redlink=1,
Georgui Castañeda?action=edit&redlink=1,
Mišo Cebalo,1945-02-06
Jean-Luc Chabanon?action=edit&redlink=1,
Nikolai Chadaev?action=edit&redlink=1,
Sandipan Chanda,1983-08-13
Murray Chandler,1960-04-04
Akshat Chandra,1999-05-28
Pascal Charbonneau,1983-05-06
Aliaksei Charnushevich,1978-12-18
Boris Chatalbashev,1974-01-30
Nicolas Checa,2001-12-19
Valery Chekhov,1955-11-27
Bobby Cheng,1997-03-20
Ivan Cheparinov,1986-11-26
Alexander Cherniaev?action=edit&redlink=1,
Oleg Chernikov?action=edit&redlink=1,
Alexander Chernin,
Artem Chernobay?action=edit&redlink=1,
Konstantin Chernyshov,1967-06-11
Artur Chibukhchian?action=edit&redlink=1,
Maia Chiburdanidze,1961-01-17
Maksim Chigaev,1996-11-07
Ioan-Cristian Chirilă,1991-01-06
Johan-Sebastian Christiansen,1998-06-10
Larry Christiansen,1956-06-27
Vladimir Chuchelov,1969-09-28
Dmitry Chuprov?action=edit&redlink=1,
Slavko Cicak,1969-10-25
Roberto Cifuentes Parada,1957-12-21
Victor Ciocâltea,1932-01-16
Dragoljub Čirić,1935-11-12
Viktorija Čmilytė,1983-08-06
Aleksandar Colovic,
Lluis Comas Fabregó?action=edit&redlink=1,
Stuart Conquest,1967-03-01
Emilio Córdova,1991-07-08
Jorge Cori,1995-07-30
Kevin Joel Cori Quispe?action=edit&redlink=1,
Matthieu Cornette,1985-09-04
Fidel Corrales Jimenez,1987-07-07
Pia Cramling,1963-04-23
Cristhian Cruz Sánchez,1992-02-07
István Csom,1940-06-02
Jaime Alexander Cuartas?action=edit&redlink=1,
José Fernando Cubas?action=edit&redlink=1,
José Cuenca Jiménez?action=edit&redlink=1,
Robert Cvek?action=edit&redlink=1,
Ognjen Cvitan,1961-10-10
Łukasz Cyborowski,1980-06-21
Paweł Czarnota,1988-04-14
Attila Czebe?action=edit&redlink=1,
Balaji Daggupati,
Changren Dai?action=edit&redlink=1,
Arthur Dake,1910-04-08
Martijn Dambacher?action=edit&redlink=1,
Mato Damjanović,1927-03-23
Branko Damljanović,1961-06-17
Bardiya Daneshvar?action=edit&redlink=1,
Elina Danielian,1978-08-16
Oganes Danielian,1974-01-03
Henrik Danielsen,1966-01-23
Alexandre Danin?action=edit&redlink=1,
Đào Thiên Hải,1978-05-10
Daniel Dardha,2005-10
Klaus Darga,1934-02-24
Pouria Darini,1991-01-24
Sayantan Das,1997-04-08
Batuhan Daştan,1997-08-07
Rustem Dautov,1965-11-28
Alberto David,1970-03-26
Nigel Davies (chess player),1960-07-31
Dennis de Vreugt,1980-11-04
Bogdan-Daniel Deac,2001-10-08
Debashis Das?action=edit&redlink=1,
J. Deepan Chakkravarthy,1987-06-03
Nick de Firmian,1957-07-26
Jean-Marc Degraeve,1971-01-26
Frank De La Paz Perdomo,1975-05-24
Oscar De La Riva Aguado?action=edit&redlink=1,
Jesús de la Villa,1958-06-30
Aleksander Delchev,1971-07-15
Neuris Delgado Ramírez,1981-09-17
Axel Delorme?action=edit&redlink=1,
Gabriel del Río,1976-10-02
Péter Dely,1934-07-05
Anton Demchenko,1987-08-20
Mikhail Demidov?action=edit&redlink=1,
Adrien Demuth,1991-04-14
Arnold Denker,1914-02-21
Erald Dervishi,1979-11-10
Andrei Deviatkin,1980-10-07
Alexandre Dgebuadze,1971-05-21
André Diamant,1990-02-09
Andreas Diermair,
Jesús Díez del Corral,1933-04-06
Radoslav Dimitrov (chess player)?action=edit&redlink=1,
Vladimir Dimitrov (chess player),1968-04-11
Ding Liren,1992-10-24
Goran Dizdar?action=edit&redlink=1,
Emir Dizdarević,1958-04-02
Nikola Djukić?action=edit&redlink=1,
Rune Djurhuus,1970-01-25
Stefan Djurić?action=edit&redlink=1,
Maxim Dlugy,1966-01-29
Vladimir Dobrov,
Yury Dokhoian,
Sergey Dolmatov,1959-02-20
Leinier Domínguez Pérez,1983-09-23
Sergey Domogaev?action=edit&redlink=1,
Alexander Donchenko,1998-03-22
Dimitar Donchev?action=edit&redlink=1,
Jan Hein Donner,1927-07-06
Josif Dorfman,
Fabian Doettling,1980-08-04
Jonathan Dourerassou?action=edit&redlink=1,
Valentin Dragnev,1999-03-05
Kamil Dragun,1995-06-25
Milan Draško?action=edit&redlink=1,
Luka Drašković,1995-09-20
Siniša Dražić?action=edit&redlink=1,
Alexey Dreev,1969-01-30
Petar Drenchev,1977-04-25
Harika Dronavalli,1991-01-12
Yuri Drozdovskij,
Andrey Drygalov?action=edit&redlink=1,
Sergey Drygalov?action=edit&redlink=1,
Daniil Dubov,1996-04-18
Jan-Krzysztof Duda,1998-04-26
Vasif Durarbayli,1992-02-24
Oldřich Duras,
Danyyil Dvirnyy,1990-10-21
Semen Dvoirys,1958-11-02
Sergej Dyachkov?action=edit&redlink=1,
Viacheslav Dydyshko,1949-04-10
Nana Dzagnidze,1987-01-01
Dzhakay Dzhakaev?action=edit&redlink=1,
Marat Dzhumaev,1976-01-12
Roman Dzindzichashvili,1944-05-05
Marcin Dziuba,1983-07-17
Romain Édouard,1990-11-28
Zahar Efimenko,1985-07-03
Igor Efimov (chess player)?action=edit&redlink=1,
Jaan Ehlvest,1962-10-14
Vereslav Eingorn,1956-11-23
Felipe de Cresce El Debs,1985-01-29
Essam El Gindy,1966-07-14
Urii Eliseev,
Erich Eliskases,1913-02-15
Pavel Eljanov,1983-05-10
John Emms (chess player),1967-03-14
Ivajlo Enchev?action=edit&redlink=1,
Peter Enders?action=edit&redlink=1,
Luis Engel,2002-10-14
Vladimir Epishin,1965-07-11
Mert Erdoğdu,1979-03-30
Viktor Erdős,1987-09-02
Sergey Erenburg,
Arjun Erigaisi,2003-09-03
Evgenij Ermenkov,1949-09-29
Sipke Ernst,1979-01-08
Thomas Ernst (chess player)?action=edit&redlink=1,
Volodymyr Eryomenko?action=edit&redlink=1,
Alder Escobar Forero,1977-03-11
Barış Esen,1986-11-03
Andrey Esipenko,2002-03-22
Lutz Espig,1949-01-05
Ermes Espinosa Veloz,1987-07-30
Max Euwe,1901-05-20
Larry Evans (chess player),1932-03-22
Alexander Evdokimov,1985-10-28
Fang Yuxiang?action=edit&redlink=1,
Iván Faragó,1946-04-01
François Fargère?action=edit&redlink=1,
Adham Fawzy,
Sergey Fedorchuk,1981-03-14
Alexei Fedorov,1972-09-27
John Fedorowicz,1958-09-27
Vladimir Fedoseev,1995-02-16
Rubén Felgaer,1981-04-04
Sébastien Feller,1991-03-11
Nenad Ferčec?action=edit&redlink=1,
António Fernandes (chess player),
José Luís Fernández García?action=edit&redlink=1,
Ernesto Fernández Romero?action=edit&redlink=1,
Daniel Fernandez (American chess player),1985-05-09
Daniel Fernandez (chess player),1995-03-05
Jorge Viterbo Ferreira?action=edit&redlink=1,
Michael Feygin?action=edit&redlink=1,
Alexandr Fier,1988-03-11
Miroslav Filip,1928-10-27
Anton Filippov,1986-12-06
Valerij Filippov,1975-11-28
Reuben Fine,1914-10-11
Ben Finegold,1969-09-06
Alexander Finkel?action=edit&redlink=1,
Burak Fırat,1993-01-01
Nazar Firman?action=edit&redlink=1,
Alireza Firouzja,2003-06-18
Bobby Fischer,1943-03-09
Gennadij Fish?action=edit&redlink=1,
Alexander Fishbein,1968-05-08
Glenn Flear,1959-02-12
János Flesch,
Salo Flohr,1908-11-21
Gabriel Flom?action=edit&redlink=1,
Mauricio Flores Ríos,1990-09-10
Diego Flores (chess player),1982-12-18
András Flumbort?action=edit&redlink=1,
Tamas Fodor Jr.?action=edit&redlink=1,
Tibor Fogarasi?action=edit&redlink=1,
Alexander Fominyh?action=edit&redlink=1,
Robert Fontaine,1980-11-18
Daniel Forcén Esteban?action=edit&redlink=1,
Győző Forintos,1935-07-30
Zenón Franco Ocampos,1956-05-12
Laurent Fressinet,1981-11-30
Daniel Fridman,1976-02-15
Joshua Friedel,1986-12-03
Dmitry Frolyanov?action=edit&redlink=1,
Ľubomír Ftáčnik,1957-10-30
Andrija Fuderer,1931-05-13
Semyon Furman,
Christian Gabriel,1975-03-03
Artur Gabrielian,1982-12-26
Hovhannes Gabuzyan,1995-05-19
Abdulla Gadimbayli,2002-01-02
Shardul Gagare,1997-09-02
Merab Gagunashvili,1985-01-03
Grzegorz Gajewski,1985-07-19
Sergey Galdunts,1965-01-17
Luís Galego,
Andres Felipe Gallego Alcaraz?action=edit&redlink=1,
Aleksandr Galkin (chess player),
Joseph Gallagher,1964-05-04
Platon Galperin?action=edit&redlink=1,
Surya Shekhar Ganguly,1983-02-24
Gao Rui,1992-05-20
Nona Gaprindashvili,1941-05-03
Valeriane Gaprindashvili,1982-01-16
Gildardo García,1954-03-09
Guillermo García González,
David García Ilundáin,1971-04-02
Silvino García Martínez,1944-07-04
Carlos Garcia Palermo,
Roberto Garcia Pantoja?action=edit&redlink=1,
Timur Gareyev,1988-03-03
Eldar Gasanov,1982-09-26
José Rafael Gascón Del Nogal?action=edit&redlink=1,
Vugar Gashimov,1986-07-24
Einar Gausel,1963-11-30
Viktor Gavrikov,1957-07-29
David Gavrilescu?action=edit&redlink=1,
Alexei Gavrilov (chess player)?action=edit&redlink=1,
Aram Gazarian?action=edit&redlink=1,
Viktor Gazik,2001-12-13
Jacek Gdański,1970-11-30
Tamaz Gelashvili,1978-04-08
Boris Gelfand,1968-06-24
Efim Geller,1925-03-08
Jakov Geller?action=edit&redlink=1,
Petar Genov,1970-04-05
Tiberiu-Marian Georgescu,
Nico Georgiadis,1996-01-22
Kiril Georgiev,1965-11-28
Krum Georgiev,
Vladimir Georgiev (chess player),
Alik Gershon,1980-06-03
Ehsan Ghaem Maghami,1982-08-11
Shojaat Ghane,1975-03-30
Tigran Gharamian,1984-07-24
Florin Gheorghiu,1944-04-06
Theodor Ghițescu,
Aryan Gholami?action=edit&redlink=1,
Diptayan Ghosh,1998-08-10
Alfredo Giaccio?action=edit&redlink=1,
Pedro Antonio Gines Esteo?action=edit&redlink=1,
Gennadij Ginsburg?action=edit&redlink=1,
Giorgi Giorgadze,1964-10-10
Tamaz Giorgadze?action=edit&redlink=1,
Aivars Gipslis,1937-02-08
Anish Giri,1994-06-28
A. Koushik Girish?action=edit&redlink=1,
Olga Girya,1991-06-04
Benjámin Gledura,1999-07-04
Evgeny Gleizerov,1963-03-20
Igor Glek,1961-11-07
Svetozar Gligorić,1923-02-02
Jakob Vang Glud?action=edit&redlink=1,
Michele Godena,1967-06-30
Leonid Gofshtein,
Aleksey Goganov,1991-07-26
Goh Wei Ming,1983-07-07
Alexander Goldin,1964-02-27
Asghar Golizadeh?action=edit&redlink=1,
Vitali Golod,1971-06-23
Harry Golombek,1911-03-01
Alexander Goloshchapov,1978-01-25
Mikhail Golubev,1970-05-30
Petro Golubka?action=edit&redlink=1,
Juan Mario Gomez Esteban?action=edit&redlink=1,
Camilo Ernesto Gomez Garrido?action=edit&redlink=1,
John Paul Gomez,1986-05-23
László Gonda?action=edit&redlink=1,
Jayson Gonzales,1969-05-02
Renier Gonzalez,1972-11-21
Bernal González Acosta?action=edit&redlink=1,
José González García,1973-08-12
Yuri González Vidal,1981-01-12
Juan Carlos González Zamora,
Arian González Pérez,
Geetha Narayanan Gopal,1989-03-29
Dmitry Gordievsky,1996-04-24
Stephen J. Gordon,1986-09-04
Daniel Gormally,1976-05-04
Andrey Gorovets?action=edit&redlink=1,
Eduard Gorovykh?action=edit&redlink=1,
Ido Gorshtein?action=edit&redlink=1,
Aleksandra Goryachkina,1998-09-28
Yannick Gozzoli,1983-06-02
Mirosław Grabarczyk,1971-01-03
Boris Grachev,1986-03-27
Alexander Graf,1962-08-25
Julio Granda Zúñiga,1967-02-25
Nils Grandelius,1993-06-03
Valery Grechikhin?action=edit&redlink=1,
Alon Greenfeld,1964-04-17
Helgi Grétarsson,1977-02-18
Hjörvar Steinn Grétarsson,1993-05-29
George-Gabriel Grigore?action=edit&redlink=1,
Sergey Grigoriants,1983-11-02
Grigor Grigorov?action=edit&redlink=1,
Avetik Grigoryan,1989-01-27
Karen H. Grigoryan,1995-02-25
Alexander Grischuk,1983-10-31
Orest Gritsak?action=edit&redlink=1,
Efstratios Grivas,1966-03-30
Attila Grószpéter,1960-06-09
Sahaj Grover,1995-09-07
Yehuda Gruenfeld,1956-02-28
Ernst Grünfeld,1893-11-21
Jose Angel Guerra Mendez?action=edit&redlink=1,
Eduard Gufeld,1936-03-19
Laurent Guidarelli?action=edit&redlink=1,
Carlos Guimard,1913-04-06
Vidit Gujrathi,1994-10-24
Gukesh D,2006-05-29
Sarhan Guliev,1968-04-01
Namig Guliyev,1974-02-13
Boris Gulko,1947-02-09
Szymon Gumularz,2001-12-22
Ruben Gunawan,
Bayarsaikhan Gundavaa?action=edit&redlink=1,
Valentina Gunina,1989-02-04
Abhijeet Gupta,1989-10-16
Dmitry Gurevich,1956-09-11
Ilya Gurevich,1972-02-08
Mikhail Gurevich (chess player),1959-02-22
Vladimir Gurevich?action=edit&redlink=1,
Bukhuti Gurgenidze,1933-11-13
Aidyn Guseinov,1957-08-31
Gadir Guseinov,1986-05-21
Jan Gustafsson,1979-06-25
Gennadi Gutman?action=edit&redlink=1,
Lev Gutman,1945-09-26
Andrey Gutov?action=edit&redlink=1,
Zoltan Gyimesi,1977-03-31
Petr Hába?action=edit&redlink=1,
Mohamed Haddouche,1984-08-19
Aram Hakobyan (chess player)?action=edit&redlink=1,
Stelios Halkias,1980-04-11
Aman Hambleton,1992-12-30
Hichem Hamdouchi,
Vladimir Hamițevici,1991-02-19
Jon Ludvig Hammer,1990-06-02
Florian Handke?action=edit&redlink=1,
Edhi Handoko,
Curt Hansen (chess player),1964-09-18
Eric Hansen (chess player),1992-05-24
Lars Bo Hansen?action=edit&redlink=1,
Sune Berg Hansen,1971-04-21
Torbjørn Ringdal Hansen,1979-03-01
Ronen Har-Zvi,1976-10-13
Ravi Haria,1999-02-07
Pentala Harikrishna,1986-05-10
Gevorg Harutjunyan,1981-05-07
Tigran Harutyunyan,1997-01-15
Ramil Hasangatin?action=edit&redlink=1,
Stewart Haslinger,1981-11-25
Thorsten Michael Haub?action=edit&redlink=1,
Arnaud Hauchard,1971-11-15
Lars Oskar Hauge,
Daniel Hausrath?action=edit&redlink=1,
Jonathan Hawkins,1983-05-01
Hovik Hayrapetyan,1990-02-15
Kıvanç Haznedaroğlu,1981-01-01
Mark Hebden,1958-02-15
Bartłomiej Heberla,1985-06-19
Hans-Joachim Hecht,1939-01-29
Jonny Hector,1964-02-13
Thies Heinemann?action=edit&redlink=1,
Andreas Heimann,1992-01-10
Ferdinand Hellers?action=edit&redlink=1,
Johan Hellsten,1975-12-25
Lance Henderson de La Fuente?action=edit&redlink=1,
Ron Henley (chess player),1956-12-05
Cristobal Henriquez Villagra,1996-08-07
Imre Héra Jr.?action=edit&redlink=1,
Holden Hernández Carmenate?action=edit&redlink=1,
Gilberto Hernández Guerrero,1970-02-04
Román Hernández Onna,1949-11-23
Herminio Herraiz Hidálgo?action=edit&redlink=1,
Irisberto Herrera,
Gerald Hertneck,1963-09-18
Abdelrahman Hesham,1992-12-02
Robert Hess (chess player),1991-12-19
Carlos Antonio Hevia Alejano?action=edit&redlink=1,
Jörg Hickl,1965-04-16
Tiger Hillarp Persson,1970-10-28
Himanshu Sharma (chess player)?action=edit&redlink=1,
Jóhann Hjartarson,1963-02-08
Hoàng Thanh Trang,1980-04-25
Julian Hodgson,1963-07-25
Alejandro Hoffman?action=edit&redlink=1,
Michael Hoffmann (chess player)?action=edit&redlink=1,
Carsten Høi,1957-01-16
Conrad Holt,1993-07-09
Frank Holzke?action=edit&redlink=1,
Károly Honfi,
Andrew Hong,2004-11-23
Vlastimil Hort,1944-01-12
Ádám Horváth,1981-07-14
Csaba Horváth (chess player),1968-06-05
József Horváth (chess player),1964-08-13
Péter Horváth (chess player)?action=edit&redlink=1,
Enamul Hossain,
Hou Yifan,1994-02-27
Mher Hovhannisyan?action=edit&redlink=1,
Robert Hovhannisyan,1991-03-23
David Howell (chess player),1990-11-14
James Howell (chess player),1967-05-17
Zbyněk Hráček,1970-09-09
Robert Hübner,1948-11-06
Mikel Huerga Leache?action=edit&redlink=1,
Krunoslav Hulak,1951-05-25
Robert Hungaski,1987-12-08
Niclas Huschenbeth,1992-02-29
Alexander Huzman,1962-04-10
Luís Fernando Ibarra Chami?action=edit&redlink=1,
José Carlos Ibarra Jeréz?action=edit&redlink=1,
Alibek Ibragimov?action=edit&redlink=1,
Ildar Ibragimov,1967-08-16
Rasul Ibrahimov,1981-08-13
Nurlan Ibrayev?action=edit&redlink=1,
Pouya Idani,1995-09-22
Vyacheslav Ikonnikov?action=edit&redlink=1,
Zlatko Ilinčić,1968-05-10
Artem Iljin?action=edit&redlink=1,
Ilia Iljiushenok,1993-08-16
Alexei Iljushin?action=edit&redlink=1,
Miguel Illescas,1965-12-03
Max Illingworth,1992-11-05
Ernesto Inarkiev,1985-12-09
Aleksandar Inđić,1995-08-24
P. Iniyan,2002-09-13
Ventzislav Inkiov,1956-05-19
Constantin Ionescu (chess player),1958-09-12
Sergey Ionov?action=edit&redlink=1,
Viorel Iordăchescu,1977-04-20
Valentin Iotov,1988-09-06
Alexander Ipatov,1993-07-16
Ruslan Irzhanov?action=edit&redlink=1,
Misratdin Iskandarov?action=edit&redlink=1,
Sergei Iskusnyh?action=edit&redlink=1,
Anuar Ismagambetov?action=edit&redlink=1,
Andrei Istrățescu,1975-12-03
Eduardo Iturrizaga,1989-11-01
Saidali Iuldachev,1968-01-31
Vasyl Ivanchuk,1969-03-18
Ivan Ivanišević,1977-11-23
Alexander Ivanov (chess player),1956-05-01
Alexander Alexandrovich Ivanov?action=edit&redlink=1,
Igor Ivanov (chess player),1947-01-08
Mikhail Ivanov (chess player)?action=edit&redlink=1,
Sergey Ivanov (chess player)?action=edit&redlink=1,
Božidar Ivanović,
Velimir Ivić,2002-08-27
Borislav Ivkov,1933-11-12
Félix Izeta Txabarri,1961-08-03
Salauat Izmukhambetov?action=edit&redlink=1,
Zviad Izoria,1984-01-06
Dragoljub Jacimović,1964-01-10
Brandon Jacobson,2003-11-14
Dmitry Jakovenko,1983-06-29
Artur Jakubiec,1973-12-03
Krzysztof Jakubowski,1983-09-23
Evgeni Janev?action=edit&redlink=1,
Igor Janik (chess player),2000-06-09
Lasha Janjgava,1970-05-05
Alojzije Janković,
Dragoljub Janošević,1923-07-08
Sergey Janovsky?action=edit&redlink=1,
Vlastimil Jansa,1942-11-27
Ruud Janssen (chess player)?action=edit&redlink=1,
Paweł Jaracz,1975-07-22
Łukasz Jarmuła,1998-11-10
Ashwin Jayaram?action=edit&redlink=1,
Radosław Jedynak,1982-06-09
Florian Jenni,
Veljko Jeremić?action=edit&redlink=1,
Vlad-Cristian Jianu,1984-09-27
Miloš Jirovský?action=edit&redlink=1,
Baadur Jobava,1983-11-26
Leif Erlend Johannessen,1980-05-14
Darryl Johansen,1959-02-04
Davit Jojua?action=edit&redlink=1,
Gawain Jones,1987-12-11
Harmen Jonkman?action=edit&redlink=1,
Ognjen Jovanić?action=edit&redlink=1,
Zoran Jovanović (chess player)?action=edit&redlink=1,
Ju Wenjun,1991-01-31
Rinat Jumabayev,1989-07-23
Marián Jurčík?action=edit&redlink=1,
Artur Yusupov (chess player),1960-02-13
Nikolai Kabanov,1980-01-22
Giorgi Kacheishvili,1977-02-10
Denis Kadrić,1995-06-12
Gregory Kaidanov,1959-10-11
Aleksandr Kalinin (chess player)?action=edit&redlink=1,
Sergey Kalinitschew,1956-02-03
Gábor Kállai,
Heikki Kallio?action=edit&redlink=1,
Radek Kalod?action=edit&redlink=1,
Sergey Kalugin (chess player)?action=edit&redlink=1,
Arjun Kalyan,2002-06-17
Marcin Kamiński (chess player),1977-03-10
Gata Kamsky,1974-06-02
Kannappan Priyadharshan?action=edit&redlink=1,
Marcel Kanarek,1993-02-05
Meelis Kanep,1983-05-27
Semen Khanin?action=edit&redlink=1,
Toms Kantāns,1994-01-16
Gergely Kantor,1999-07-19
Boris Kantsler?action=edit&redlink=1,
Spyridon Kapnisis?action=edit&redlink=1,
Sergey Karjakin,1990-01-12
Lars Karlsson (chess player),1955-07-11
Aleksandr Karpatchev?action=edit&redlink=1,
Anatoly Karpov,1951-05-23
Karthik Venkataraman?action=edit&redlink=1,
Karthikeyan Murali,1999-01-05
Karthikeyan P.?action=edit&redlink=1,
Isaac Kashdan,1905-11-19
Rustam Kasimdzhanov,1979-12-05
Garry Kasparov,1963-04-13
Sergey Kasparov?action=edit&redlink=1,
Larry Kaufman,1947-11-15
Lubomir Kavalek,1943-08-09
Dmitry Kayumov (chess player)?action=edit&redlink=1,
Sergey Kayumov?action=edit&redlink=1,
Valery Kazakouski,2000-07-14
Mikhail Kazakov (chess player)?action=edit&redlink=1,
Murtas Kazhgaleyev,1973-11-17
Raymond Keene,1948-01-29
Ludger Keitlinghaus?action=edit&redlink=1,
Mikheil Kekelidze?action=edit&redlink=1,
Andreas Kelires,1999-07
Robby Kevlishvili?action=edit&redlink=1,
Vincent Keymer,2004-11-15
Robert Kempiński,1977-07-11
Edvīns Ķeņģis,1959-04-12
Paul Keres,1916-01-07
Melikset Khachiyan,1970-07-06
Ildar Khairullin,1990-08-22
Alexander Khalifman,1966-01-18
Djurabek Khamrakulov?action=edit&redlink=1,
Ibragim Khamrakulov,1982-07-28
Boris Kharchenko?action=edit&redlink=1,
Alexandr Kharitonov (chess player),1986-11-08
Andrei Kharitonov (chess player)?action=edit&redlink=1,
Andrei Kharlov,1968-11-20
Alexander Khasin?action=edit&redlink=1,
Bazar Khatanbaatar?action=edit&redlink=1,
Dmitriy Khegay?action=edit&redlink=1,
Igor Khenkin,1968-03-21
Denis Khismatullin,1984-12-28
Ilya Khmelniker?action=edit&redlink=1,
Ratmir Kholmov,
Bela Khotenashvili,1988-06-01
Alexey Khruschiov?action=edit&redlink=1,
Rustam Khusnutdinov (chess player)?action=edit&redlink=1,
Alexey Kim,1986-04-05
Stefan Kindermann,1959-12-28
Daniel King (chess player),1963-08-28
Petr Kiriakov?action=edit&redlink=1,
Nino Kirov,1945-09-11
Vitaliy Kiselev?action=edit&redlink=1,
Sergey Kishnev?action=edit&redlink=1,
Alexey Kislinsky?action=edit&redlink=1,
Gudmundur Kjartansson?action=edit&redlink=1,
Zlatko Klarić?action=edit&redlink=1,
David Klein (chess player),1993-12-20
Maciej Klekowski,1992-09-05
Sergey Klimov (chess player)?action=edit&redlink=1,
Josef Klinger?action=edit&redlink=1,
Jānis Klovāns,1935-04-09
Rainer Knaak,1953-03-16
Milorad Knežević,1936-10-31
Mikhail Kobalia,1978-05-03
Ori Kobo?action=edit&redlink=1,
Alexander Kochyev,1956-03-25
Artur Kogan,1974-01-29
Dmitry Kokarev (chess player),1982-02-18
Atanas Kolev,
Dmitrij Kollars,1999-08-13
George Koltanowski,1903-09-17
Dimitri Komarov,1968-12
Viktor Komliakov?action=edit&redlink=1,
Davorin Komljenović?action=edit&redlink=1,
Koneru Humpy,1987-03-31
Igor Koniushkov?action=edit&redlink=1,
Dmitry Kononenko,
Nikolay Konovalov?action=edit&redlink=1,
Alexander Konstantinopolsky,1910-02-19
Viktor Korchnoi,1931-03-23
Akshayraj Kore,1988-09-01
Oleg Korneev,1969-07-25
Alexei Kornev?action=edit&redlink=1,
Anton Korobov,1985-06-25
Alexey Korotylev,1977-03-01
Bence Korpa?action=edit&redlink=1,
Goran Kosanović?action=edit&redlink=1,
Yona Kosashvili,1970-07-03
Dragan Kosić?action=edit&redlink=1,
Nadezhda Kosintseva,1985-01-14
Tatiana Kosintseva,1986-04-11
Anthony Kosten,1958-07-24
Alexandra Kosteniuk,1984-04-23
Petr Kostenko?action=edit&redlink=1,
Boris Kostić,
Vladimir Kostić?action=edit&redlink=1,
Vladimir Kosyrev?action=edit&redlink=1,
Tigran Kotanjian,1981-09-01
Alexander Kotov,1913-08-12
Vasilios Kotronias,1964-08-25
Pavel Kotsur,1973-01-03
Bachar Kouatly,1958-03-03
Aleksandar Kovačević (chess player)?action=edit&redlink=1,
Blažimir Kovačević?action=edit&redlink=1,
Vlatko Kovačević,1942-03-26
Igor Kovalenko,1988-12-29
Andrei Kovalev (chess player)?action=edit&redlink=1,
Vladislav Kovalev,1994-01-06
Anton Kovalyov,1992-03-04
Alexander Kovchan,1983-10-21
Ádám Kozák,2002-06-15
Zdenko Kožul,1966-05-21
Jesse Kraai,1972-05-06
Yair Kraidman,
Māris Krakops,1978-04-03
Martin Krämer,1987-12-23
Vladimir Kramnik,1975-06-25
Alexander Krapivin?action=edit&redlink=1,
Michał Krasenkow,1963-11-14
Martyn Kravtsiv,1990-11-26
Boris Kreiman,1976-06-07
Jan Krejčí (chess player),1992-09-27
Jens Kristiansen,1952-05-25
Stefán Kristjánsson,1982-12-08
Leonid Kritz?action=edit&redlink=1,
Egor Krivoborodov?action=edit&redlink=1,
Sergei Krivoshey?action=edit&redlink=1,
Nikolai Krogius,
Yuri Kruppa?action=edit&redlink=1,
Irina Krush,1983-12-24
Dmitry Kryakvin?action=edit&redlink=1,
Mikhail Krylov?action=edit&redlink=1,
Leandro Krysa,1992-11-07
Yuriy Kryvoruchko,1986-12-19
Marcin Krzyżanowski,1994-01-11
Robert Kuczyński,1966-04-17
Sergey Kudrin,
Kaido Külaots,1976-02-28
Adam Kuligowski,1955-12-24
Davorin Kuljašević?action=edit&redlink=1,
Dharshan Kumaran,1975-06-07
Vitaly Kunin,1983-10-02
Abhijit Kunte,1977-03-03
Viktor Kupreichik,1949-07-03
Bojan Kurajica,1947-11-15
Igor Kurnosov,1985-05-30
Rolando Kutirov?action=edit&redlink=1,
Temur Kuybokarov,2000-07-22
Alexey Kuzmin (chess player)?action=edit&redlink=1,
Gennady Kuzmin,
Yuriy Kuzubov,1990-01-26
Aloyzas Kveinys,1962-07-09
Andrey Kvon?action=edit&redlink=1,
Ottomar Ladva,1997-06-17
Pablo Lafuente?action=edit&redlink=1,
Maxime Lagarde,1994-03-16
Kateryna Lagno,1989-12-27
Borko Lajthajm?action=edit&redlink=1,
Bogdan Lalić,1964-03-08
M. R. Lalith Babu,1993-01-05
Erwin l'Ami,1985-04-05
Jonas Lampert?action=edit&redlink=1,
Konstantin Landa,1972-05-22
Zigurds Lanka,1960-05-21
David Lariño Nieto?action=edit&redlink=1,
Bent Larsen,1935-03-04
Alexander Lastin,1976-11-30
Ralf Lau,
Tomas Laurušas,1996-02-13
Joël Lautier,1973-04-12
R. R. Laxman?action=edit&redlink=1,
Darwin Laylo,1980-06-01
Vladimir Lazarev,1964-06-05
Denis Lazavik?action=edit&redlink=1,
Miroljub Lazić?action=edit&redlink=1,
Viktor Láznička,1988-01-09
Lê Quang Liêm,1991-03-13
Lê Tuấn Minh,1996-10-21
Jean-Pierre Le Roux (chess player),1982-05-18
Jiří Lechtýnský,1947-11-25
Nikolay Legky?action=edit&redlink=1,
Heinz Lehmann (chess player),1921-10-20
Lei Tingjie,1997-03-13
Anatoly Lein,1931-03-28
Rafael Leitão,1979-12-28
Peter Leko,1979-09-08
Damián Lemos (chess player)?action=edit&redlink=1,
Aleksandr Lenderman,1989-09-23
Levente Lengyel,1933-06-13
Luka Lenič,1988-05-13
Manuel León Hoyos,1989-02-10
Konstantin Lerner,
Alexandre Lesiège,1975-08-18
Arkadiusz Leniart,1991-06-20
Ronen Lev?action=edit&redlink=1,
Grigory Levenfish,1889-03-19
Ivan Leventić?action=edit&redlink=1,
Evgeny A. Levin?action=edit&redlink=1,
Felix Levin?action=edit&redlink=1,
Jonathan Levitt?action=edit&redlink=1,
Li Chao (chess player),1989-04-21
Li Di (chess player)?action=edit&redlink=1,
Ruifeng Li,2001-09-14
Li Shilong,1977-08-10
Awonder Liang,2003-04-09
Liang Chong,1980-01-29
Liang Jinrong,1960-05-21
Vladimir Liberzon,
Fabien Libiszewski?action=edit&redlink=1,
Kjetil Aleksander Lie,1980-11-18
Tomáš Likavský?action=edit&redlink=1,
Andor Lilienthal,1911-05-05
Darcy Lima,1962-05-22
Lin Chen (chess player)?action=edit&redlink=1,
Daniil Lintchevski,1990-05-17
Eran Liss?action=edit&redlink=1,
Liu Qingnan,1992-05-23
Liu Yan (chess player)?action=edit&redlink=1,
Leon Livaic?action=edit&redlink=1,
Ljubomir Ljubojević,1950-11-02
Miguel Llanes Hurtado?action=edit&redlink=1,
Sergei Lobanov (chess player),2001-05-19
Eric Lobron,1960-05-07
Lorenzo Lodici,2000-04-16
Valery Loginov,1955-12-13
Semyon Lomasov?action=edit&redlink=1,
William Lombardy,1937-12-04
Davit Lomsadze?action=edit&redlink=1,
Josep Manuel López Martínez?action=edit&redlink=1,
Denis Lopushnoy?action=edit&redlink=1,
Martín Lorenzini?action=edit&redlink=1,
Shahin Lorparizangeneh?action=edit&redlink=1,
Smbat Lputian,1958-02-14
Lu Shanglei,1995-07-10
Aleksei Lugovoi?action=edit&redlink=1,
Maxim Lugovskoy?action=edit&redlink=1,
Igor Liutsko?action=edit&redlink=1,
Péter Lukács,1950-06-09
Valentin Lukov?action=edit&redlink=1,
Erik Lundin,1904-07-02
Andrey Lunev (chess player)?action=edit&redlink=1,
Mircea-Sergiu Lupu?action=edit&redlink=1,
Constantin Lupulescu,1984-03-25
Thomas Luther,
Anatoly Lutikov,1933-02-05
Christopher Lutz,1971-02-24
Moulthun Ly,1991-11-20
Igor Lysyj,1987-01-01
Ma Qun,1991-11-09
Anatoly Machulsky?action=edit&redlink=1,
Bartłomiej Macieja,1977-10-04
Jordi Magem Badals,1967-08-24
Elmar Magerramov,1958-04-10
Davit Maghalashvili?action=edit&redlink=1,
Parham Maghsoodloo,2000-08-11
Magaram Magomedov,1966-05-20
Morteza Mahjoob,1980-03-20
Romuald Mainka?action=edit&redlink=1,
Nikita Maiorov?action=edit&redlink=1,
Oleg Maiorov?action=edit&redlink=1,
Jens-Uwe Maiwald?action=edit&redlink=1,
Sergey Makarichev,1953-11-17
Denis Makhnev?action=edit&redlink=1,
Marat Makarov?action=edit&redlink=1,
Vladimir Makogonov,1904-08-27
Andrei Maksimenko?action=edit&redlink=1,
Vadim Malakhatko,1977-03-22
Vladimir Malakhov (chess player),1980-11-27
Vladimir Malaniuk,1957-07-21
Pavel Maletin?action=edit&redlink=1,
Burkhard Malich,1936-11-29
Vasily Malinin?action=edit&redlink=1,
Vidmantas Mališauskas,1963-08-04
Nidjat Mamedov,1985-04-02
Rauf Mamedov,1988-04-26
Shakhriyar Mamedyarov,1985-04-12
Zaur Mammadov (chess player)?action=edit&redlink=1,
Mikuláš Maník,1975-05-26
Marius Manolache?action=edit&redlink=1,
Ilan Manor?action=edit&redlink=1,
Cyril Marcelin?action=edit&redlink=1,
David Marciano (chess player)?action=edit&redlink=1,
Sandro Mareco,1987-05-13
Giorgi Margvelashvili (chess player),
Nelson Mariano,1974-06-28
Mihail Marin,1965-04-21
Sergio Mariotti,1946-08-10
Rudolf Marić,1927-05-13
Slavoljub Marjanović,1955-01-06
Ján Markoš,1985-07-02
David S. Markosian?action=edit&redlink=1,
Miroslav Marković (chess player)?action=edit&redlink=1,
Tomasz Markowski (chess player),1975-07-30
Robert Markuš,
Géza Maróczy,1870-03-03
Dražen Marović,
Jose Eduardo Martinez Alcantara,1999-01-31
Lelys Stanley Martinez Duany?action=edit&redlink=1,
Saša Martinović (chess player),1991-07-15
Slobodan Martinović,
Haik M. Martirosyan,2000-07-14
Konstantin Maslak?action=edit&redlink=1,
Athanasios Mastrovasilis?action=edit&redlink=1,
Dimitrios Mastrovasilis,1983-06-12
Carlos Matamoros Franco,1966-12-17
Aleksandar Matanović,1930-05-23
Ramon Mateo?action=edit&redlink=1,
Nikita Matinian?action=edit&redlink=1,
Gennady Matjushin?action=edit&redlink=1,
Maxim Matlakov,1991-03-05
Sergei Matsenko,1990-06-21
Everaldo Matsuura,
Milan Matulović,1935-06-10
Michał Matuszewski?action=edit&redlink=1,
Viktor Matviishen,2002-01-10
Marc'Andria Maurizzi,2007-05-16
Dmitry Maximov?action=edit&redlink=1,
Sébastien Mazé,1984-02-08
Neil McDonald (chess player),1967-01-21
Colin McNab,1961-02-03
Luke McShane,1984-01-07
Mikheil Mchedlishvili,1979-06-04
Henrique Mecking,1952-01-23
Edmar Mednis,1937-03-22
Eduard Meduna?action=edit&redlink=1,
Zoltán Medvegy?action=edit&redlink=1,
Susanto Megaranto,1987-10-08
Georg Meier (chess player),1987-08-26
Viesturs Meijers,1967-12-05
Jakob Meister?action=edit&redlink=1,
Krikor Sevag Mekhitarian,1986-11-15
Hrant Melkumyan,1989-04-30
Leon Luke Mendonca,2006-03-13
Nikita Meshkovs,1994-06-30
Jonathan Mestel,1957-03-13
Anurag Mhamal?action=edit&redlink=1,
Peter Michalik?action=edit&redlink=1,
Bart Michiels?action=edit&redlink=1,
Jacques Mieses,1865-02-27
Normunds Miezis,1971-05-11
Olivér Mihók?action=edit&redlink=1,
Arman Mikaelyan,1996-11-25
Vladas Mikėnas,1910-04-17
Adrian Mikhalchishin,
Lubomir Mikhaletz?action=edit&redlink=1,
Victor Mikhalevski,1972-07-08
Igor Miladinović,1974-01-25
Danilo Milanović?action=edit&redlink=1,
Tony Miles,1955-04-23
Borislav Milić,1925-10-20
Miroslav Miljković?action=edit&redlink=1,
Gilberto Milos,1963-10-30
Leonid Milov (chess player)?action=edit&redlink=1,
Vadim Milov,1972-08-01
Ara Minasian?action=edit&redlink=1,
Artashes Minasian,1967-01-21
Dragoljub Minić,1937-03-05
Gilles Mirallès,1966-02-08
Elier Miranda Mesa?action=edit&redlink=1,
Lucian-Costin Miron?action=edit&redlink=1,
Evgenij Miroshnichenko,1978-12-28
Abhimanyu Mishra,2009-02-05
Vigen Mirumian?action=edit&redlink=1,
Azer Mirzoev,1978-03-20
Emil Mirzoev?action=edit&redlink=1,
Aleksander Miśta,1983-01-07
Nikola Mitkov?action=edit&redlink=1,
Kamil Mitoń,1984-04-12
Guha Mitrabha?action=edit&redlink=1,
Roberto Mogranzini?action=edit&redlink=1,
Georg Mohr (chess player),1965-02-02
Stefan Mohr,
Alexander Moiseenko,1980-05-17
Vadim Moiseenko,1994-07-07
Karel Mokry?action=edit&redlink=1,
Abdullah Al Rakib,1980-12-02
Mackenzie Molner,1988-08-01
Leon Mons?action=edit&redlink=1,
Mario Monticelli,1902-03-16
Elshan Moradi,1985-05-22
Wojciech Moranda,1988-08-17
Javier Moreno Carnero?action=edit&redlink=1,
Luca Moroni?action=edit&redlink=1,
Iván Morovic Fernández,
Alexander Moroz,1961-01-18
Alexander Morozevich,1977-07-18
Masoud Mosadeghpour?action=edit&redlink=1,
Alexander Moskalenko (chess player)?action=edit&redlink=1,
Viktor Moskalenko?action=edit&redlink=1,
Paul Motwani,1962-06-13
Alexander Motylev,1979-06-17
Seyed Khalil Mousavi?action=edit&redlink=1,
Jules Moussard,1995-01-16
Sergei Movsesian,1978-11-03
Karen Movsziszian,1963-01-06
Mikhail Mozharov?action=edit&redlink=1,
Martin Mrva,1971-12-12
Karsten Müller,1970-11-23
Gombosuren Munkhgal?action=edit&redlink=1,
Mahammad Muradli,2003-08-01
Andrei Murariu?action=edit&redlink=1,
Alija Muratović?action=edit&redlink=1,
Jacob Murey,
Niaz Murshed,1966-05-13
Miguel Pantoja Muñoz?action=edit&redlink=1,
Volodar Murzin,2006-07-18
Mladen Muše?action=edit&redlink=1,
Anna Muzychuk,1990-02-28
Mariya Muzychuk,1992-09-21
Tamir Nabaty,1991-05-04
Sergey Nadyrkhanov?action=edit&redlink=1,
Gábor Nagy (chess player)?action=edit&redlink=1,
Arkadij Naiditsch,1985-10-25
Miguel Najdorf,1910-04-15
Toni Najdoski?action=edit&redlink=1,
Evgeniy Najer,1977-06-22
Hikaru Nakamura,1987-12-09
Tigran Nalbandian?action=edit&redlink=1,
Costicǎ-Ciprian Nanu?action=edit&redlink=1,
S. L. Narayanan,1998-01-10
Srinath Narayanan,1994-02-14
Marc Narciso Dublan,1974-01-20
Daniel Naroditsky,1995-11-09
Urtnasan Nasanjargal?action=edit&redlink=1,
Grzegorz Nasuta,1996-03-01
Igor-Alexandre Nataf,1978-05-02
Alexander Naumann (chess player)?action=edit&redlink=1,
Igor Naumkin,
David Navara,1985-03-27
Trajko Nedev?action=edit&redlink=1,
Neelotpal Das?action=edit&redlink=1,
Parimarjan Negi,1993-02-09
Arturs Neikšāns,1983-03-16
Ivan Nemet,
Ian Nepomniachtchi,1990-07-14
Arseniy Nesterov?action=edit&redlink=1,
Yakov Nesterov?action=edit&redlink=1,
Nikola Nestorović (chess player)?action=edit&redlink=1,
Petr Neuman?action=edit&redlink=1,
Vladislav Nevednichy,1969-09-03
Valeriy Neverov,1964-06-21
Vladimir Nevostrujev?action=edit&redlink=1,
Nguyễn Anh Dũng,1976-03-17
Nguyễn Anh Khôi,2002-01-11
Nguyễn Đức Hòa,1989-07-13
Nguyễn Huynh Minh Huy?action=edit&redlink=1,
Nguyễn Ngọc Trường Sơn,1990-02-23
Thai Dai Van Nguyen,2001-12-12
Nguyễn Văn Huy,1985-03-14
Ni Hua,1983-05-31
Peter Heine Nielsen,1973-05-24
Hans Niemann,2003-06-20
Nihal Sarin,2004-07-13
Friso Nijboer,1965-05-26
Nebojsa Nikcevic?action=edit&redlink=1,
Mihail Nikitenko?action=edit&redlink=1,
Andrey Nikitin (chess player)?action=edit&redlink=1,
Juraj Nikolac,1932-04-22
Ioannis Nikolaidis,1971-01-04
Oleg Nikolenko?action=edit&redlink=1,
Predrag Nikolić,1960-09-11
Stanimir Nikolić?action=edit&redlink=1,
Momchil Nikolov,1985-03-03
Nikolai Ninov?action=edit&redlink=1,
Liviu-Dieter Nisipeanu,1976-08-01
Jesús Nogueiras,1959-07-17
David Norwood,
Alexander Nosenko?action=edit&redlink=1,
Benjamin Arvola Notkevich,1993-02-09
Maxim Novik?action=edit&redlink=1,
Igor Novikov (chess player),
Maksim Novikov (chess player)?action=edit&redlink=1,
Stanislav Novikov?action=edit&redlink=1,
John Nunn,1955-04-25
Tomi Nybäck,1985-04-03
Illya Nyzhnyk,1996-09-27
Andrés Carlos Obregón?action=edit&redlink=1,
Juan Carlos Obregon Rivero?action=edit&redlink=1,
Alexander Obukhov (chess player)?action=edit&redlink=1,
Handszar Odeev,1972-01-27
Leif Øgaard,1952-01-05
Albéric O'Kelly de Galway,1911-05-17
Vladimir Okhotnik,1950-02-28
Friðrik Ólafsson,1935-01-26
Helgi Ólafsson,1956-08-15
Mykhaylo Oleksiyenko,1986-09-30
Kevel Oliva Castañeda?action=edit&redlink=1,
Lembit Oll,
Michał Olszewski (chess player),1989-09-23
Artem Omelja?action=edit&redlink=1,
Josep Oms Pallise,1973-07-20
Alexander Onischuk,1975-09-03
Volodymyr Onyshchuk,1991-07-21
Grigoriy Oparin,1997-07-01
Tomáš Oral,1977-12-24
Michael Oratovsky?action=edit&redlink=1,
Andrey Orlov?action=edit&redlink=1,
Lexy Ortega,1960-03-08
Isan Reynaldo Ortiz Suárez,1985-03-30
Berge Østenstad,1964-09-15
Predrag Ostojić,
Roman Ovetchkin?action=edit&redlink=1,
Sergei Ovsejevitsch?action=edit&redlink=1,
Milan Pacher?action=edit&redlink=1,
Luděk Pachman,
Nikola Padevsky,
Elisabeth Pähtz,1985-01-08
Thomas Pähtz,1956-09-04
Luka Paichadze,1991-03-06
Zbigniew Pakleza,1986-12-05
Mladen Palac,1971-02-18
Sam Palatnik,
Davor Palo,
Mikhail Panarin?action=edit&redlink=1,
Magesh Chandran Panchanathan,1983-08-10
Alexander Panchenko,
Oscar Panno,
Levan Pantsulaia,1986-02-26
Enrico Paoli,1908-01-13
Gyula Pap (chess player)?action=edit&redlink=1,
Miša Pap?action=edit&redlink=1,
Ioannis Papadopoulos (chess player),
Ioannis Papaioannou,1976-04-20
Vasily Papin,1988-09-21
Gabor Papp?action=edit&redlink=1,
Mark Paragua,1984-03-29
David Paravyan,1998-03-08
Jonathan Parker (chess player),
Mircea Pârligras,1980-12-28
Bruno Parma,
Arman Pashikian,1987-07-28
Dragan Paunović?action=edit&redlink=1,
Duško Pavasovič,1976-10-15
Antonios Pavlidis?action=edit&redlink=1,
Maxim Pavlov (chess player)?action=edit&redlink=1,
Miloš Pavlović (chess player)?action=edit&redlink=1,
Jerguš Pecháč,2001-10-31
Yannick Pelletier,1976-09-22
Manuel Pena Gomez?action=edit&redlink=1,
Li Min Peng?action=edit&redlink=1,
Peng Xiaomin,1973-04-08
Peng Zhaoqin,1968-05-08
Jonathan Penrose,1933-10-07
Fernando Peralta (chess player)?action=edit&redlink=1,
Eugene Perelshteyn,1980-02-02
Manuel Pérez Candelario?action=edit&redlink=1,
Orelvis Pérez Mitjans?action=edit&redlink=1,
Federico Pérez Ponsa,1993-10-22
Luís Manuel Pérez Rodriguez?action=edit&redlink=1,
Nicholas Pert,1981-01-22
Miloš Perunović,1984-01-14
Juzefs Petkēvičs,
Momchil Petkov?action=edit&redlink=1,
Vladimir Petkov,1971-01-26
Martin Petr,1999-03-14
Tomáš Petřík?action=edit&redlink=1,
Arshak Petrosian,1953-12-16
Davit G. Petrosian,1984-09-20
Tigran Petrosian,1929-06-17
Tigran L. Petrosian,1984-09-17
Manuel Petrosyan,1998-05-06
Marijan Petrov?action=edit&redlink=1,
Martin Petrov (chess player)?action=edit&redlink=1,
Nikita Petrov (chess player),1996-07-01
Margeir Pétursson,1960-02-15
Helmut Pfleger,1943-08-06
Alan Pichot,1998-08-13
Wolfgang Pietzsch,
Evgeny Pigusov,1961-03-31
Jeroen Piket,1969-01-27
Dejan Pikula,1969-07-31
Georgiy Pilavov?action=edit&redlink=1,
Hermann Pilnik,1914-01-08
József Pintér,1953-11-09
Kacper Piorun,1991-11-24
Vasja Pirc,1907-12-19
Yury Piskov?action=edit&redlink=1,
Ján Plachetka,
Albin Planinc,
James Plaskett,1960-03-18
Vojtěch Plát,1994-01-23
Evgeniy Podolchenko?action=edit&redlink=1,
Hagen Poetsch?action=edit&redlink=1,
Ruslan Pogorelov?action=edit&redlink=1,
Tomáš Polák?action=edit&redlink=1,
Judit Polgár,1976-07-23
Susan Polgar,1969-04-19
Lev Polugaevsky,1934-11-20
Aleksandr Poluljahov?action=edit&redlink=1,
Rainer Polzin?action=edit&redlink=1,
Arturo Pomar,
Pavel Ponkratov,1988-07-15
Ruslan Ponomariov,1983-10-11
Milko Popchev,1964-11-11
Gil Popilski,1993-10-06
Ivan Popov (chess player),1990-03-20
Valerij Popov,
Dušan Popović (chess player)?action=edit&redlink=1,
Petar Popović (chess player),
Lajos Portisch,1937-04-04
Evgeny Postny,1981-07-03
Alexander Potapov (chess player)?action=edit&redlink=1,
Pavel Potapov?action=edit&redlink=1,
Vladimir Potkin,1982-06-28
Amirreza Pourramezanali,1992-09-23
Sandro Pozo Vera?action=edit&redlink=1,
Praggnanandhaa Rameshbabu,2005-08-10
Pranav V,2006-10-13
Pranav Anand?action=edit&redlink=1,
Pranesh M?action=edit&redlink=1,
Alexandr Predke,1994-01-05
Borki Predojević,1987-04-06
Razvan Preotu,1999-08-11
Novendra Priasmoro?action=edit&redlink=1,
Aleksei Pridorozhni,
Éric Prié,1962-03-04
Lodewijk Prins,1913-01-27
Prithu Gupta,2004-03-08
Péter Prohászka,1992-01-13
Evgeny Prokopchuk (chess player)?action=edit&redlink=1,
Roeland Pruijssers,1989-08-16
Michael Prusikin?action=edit&redlink=1,
Lev Psakhis,1958-11-29
Stojan Puc,1921-04-09
Paulius Pultinevičius,2001-11-24
Abhimanyu Puranik,2000-02-11
Nikolai Pushkov (chess player)?action=edit&redlink=1,
Alexandre Qashashvili?action=edit&redlink=1,
Luis Ernesto Quesada Pérez?action=edit&redlink=1,
Yasser Quesada Pérez,1992-05-23
Yuniesky Quesada,1984-07-31
Miguel Quinteros,1947-12-28
Renato R. Quintiliano Pinto?action=edit&redlink=1,
Giga Quparadze?action=edit&redlink=1,
Robert Rabiega,1971-02-01
Teimour Radjabov,1987-03-12
Ivan Radulov,1939-01-07
Julian Radulski,
Alexander Raetsky?action=edit&redlink=1,
Markus Ragger,1988-02-05
Viacheslav Ragozin,1908-10-08
Ziaur Rahman (chess player),1974-05-01
Rahul Srivatshav P?action=edit&redlink=1,
Vladimir Raičević?action=edit&redlink=1,
Raja Harshit?action=edit&redlink=1,
Raja Rithvik R?action=edit&redlink=1,
Dušan Rajković,1942-06-17
Ankit Rajpara,1994-08-27
Aleksandr Rakhmanov,1989-08-28
Francesco Rambaldi,1999-01-19
Ramachandran Ramesh,
Alejandro Ramírez (chess player),1988-06-21
Yrjö Rantanen,1950-04-23
Richárd Rapport,1996-03-25
Nukhim Rashkovsky,1946-04-18
Vitězslav Rašík?action=edit&redlink=1,
Allan Stig Rasmussen,1983-11-20
Vugar Rasulov,1991-04-05
Miloje Ratković?action=edit&redlink=1,
Danny Raznikov?action=edit&redlink=1,
Yuri Razuvaev,1945-10-10
Gad Rechlis,1967-02-05
Hans Ree,
Reefat Bin-Sattar,1974-07-25
Dimitri Reinderman,1972-08-12
Éloi Relange?action=edit&redlink=1,
Olivier Renet?action=edit&redlink=1,
Christopher Repka,1998-10-06
Samuel Reshevsky,1911-11-26
Alexander Riazantsev (chess player),1985-09-12
Zoltán Ribli,1951-09-06
Pablo Ricardi,1962-02-25
Michael Richter (chess player)?action=edit&redlink=1,
Jean-Noël Riff?action=edit&redlink=1,
Tanguy Ringoir?action=edit&redlink=1,
Cristhian Camilo Ríos?action=edit&redlink=1,
Nenad Ristic?action=edit&redlink=1,
Manuel Rivas Pastor,1960-07-13
Aimen Rizouk,1979-08-03
Karl Robatsch,1929-10-14
Ray Robson,1994-10-25
Amador Rodríguez Céspedes,1956-09-18
Enrique Rodríguez Guerrero?action=edit&redlink=1,
Orestes Rodríguez Vargas,1943-07-04
Andrés Rodríguez Vila,1973-12-19
Maxim Rodshtein,1989-01-19
Miloš Roganović?action=edit&redlink=1,
Ian Rogers (chess player),1960-06-24
Davor Rogić?action=edit&redlink=1,
Kenneth Rogoff,1953-03-22
Vladimir Rogovski?action=edit&redlink=1,
Dorian Rogozenco,1973-08-18
Michael Rohde (chess player),
Michael Roiz,1983-10-12
Vladimir Romanenko (chess player)?action=edit&redlink=1,
Oleg Romanishin,1952-01-10
Evgeny Romanov (chess player),1988-11-02
Axel Rombaldoni?action=edit&redlink=1,
Alfonso Romero Holmes,1965-05-28
Héctor Rossetto,1922-09-08
Nicolas Rossolimo,
Arkadij Rotstein?action=edit&redlink=1,
Thomas Roussel-Roozmon?action=edit&redlink=1,
Jonathan Rowson,1977-04-18
Saptarshi Roy?action=edit&redlink=1,
Saptarshi Roy Chowdhury?action=edit&redlink=1,
Eduardas Rozentalis,1963-05-27
Ivan Rozum?action=edit&redlink=1,
Vadim Ruban?action=edit&redlink=1,
Akiba Rubinstein,1880-12-01
Sergei Rublevsky,1974-10-15
Joshua Ruiz,1997-07-08
Róbert Ruck,1977-12-10
Krasimir Rusev?action=edit&redlink=1,
Alexander Rustemov,1973-07-06
Darius Ruželė,1968-04-27
Andrey Rychagov?action=edit&redlink=1,
Mikhail Rychagov,1967-11-12
Raunak Sadhwani,2005-12-22
Matthew Sadler,1974-05-15
Ulvi Sadikhov?action=edit&redlink=1,
Julio Sadorra,1986-09-14
Darmen Sadvakasov,1979-04-28
Daniel Sadzikowski,1994-01-20
Eltaj Safarli,1992-05-18
Shukhrat Safin,
Gennadij Sagalchik,1969-04-22
Dragutin Sahović,
Jaroslav Šajtar,1921-12-03
Konstantin Sakaev,1974-04-13
Salem Saleh (chess player),1993-01-04
Iván Salgado López,1991-06-29
Pablo Salinas Herrera,1994-06-03
Johan Salomon,1997-05-07
Valery Salov,1964-05-26
Mihail Saltaev,1962-11-19
Roland Salvador?action=edit&redlink=1,
Bator Sambuev,1980-11-25
Friedrich Sämisch,
Sankalp Gupta?action=edit&redlink=1,
Pablo San Segundo Carrillo,1970-02-09
Vahap Şanal,1998-05-26
Joseph Sánchez (chess player)?action=edit&redlink=1,
Vasile Sănduleac?action=edit&redlink=1,
Raúl Sanguineti,1933-02-02
Tornike Sanikidze,
Yago Santiago?action=edit&redlink=1,
Marc Santo-Roman,1960-09-13
Jaime Santos Latasa,1996-07-03
Miguel Santos Ruiz,1999-10-04
Alexey Sarana,2000-01-26
Gabriel Sargissian,1983-09-03
Shant Sargsyan,2002-01-27
Ante Šarić?action=edit&redlink=1,
Ibro Šarić?action=edit&redlink=1,
Ivan Šarić (chess player),1990-08-17
Krishnan Sasikiran,1981-01-07
Boris Savchenko,1986-07-10
Stanislav Savchenko,1967-01-21
Miodrag Savić?action=edit&redlink=1,
Vladimir Savon,
Gyula Sax,1951-06-18
Lars Schandorff?action=edit&redlink=1,
Gerhard Schebler?action=edit&redlink=1,
Philipp Schlosser?action=edit&redlink=1,
Roland Schmaltz,1974-11-15
Lothar Schmid,1928-05-10
Włodzimierz Schmidt,
Eckhard Schmittdiel,1960-05-13
Casper Schoppen?action=edit&redlink=1,
Jan-Christian Schröder,1998-01-31
Harry Schüssler,1957-06-24
Gabriel Schwartzman,
Marie Sebag,1986-10-15
Matej Šebenik,1983-08-28
Nikola Sedlak,1983-12-13
Narek Seferjan,1974-08-20
Yasser Seirawan,1960-03-24
Daniel Semcesen?action=edit&redlink=1,
Deep Sengupta,1988-06-30
Lajos Seres?action=edit&redlink=1,
Vladimir Sergeev?action=edit&redlink=1,
Dražen Sermek,1969-01-30
Gregory Serper,
S. P. Sethuraman,1993-02-25
Urfan Sevdimaliyev?action=edit&redlink=1,
Samuel Sevian,2000-12-26
Enrico Sevillano,1968-03-17
Alexander Shabalov,1967-09-12
Yuri Shabanov,
Tal Shaked,1978-02-05
Nikolai Shalnev?action=edit&redlink=1,
Leonid Shamkovich,1923-06-01
Konstantine Shanava?action=edit&redlink=1,
Sam Shankland,1991-10-01
Evgeny Shaposhnikov?action=edit&redlink=1,
Evgeny Sharapov?action=edit&redlink=1,
Dashzegve Sharavdorj?action=edit&redlink=1,
Andrey Shariyazdanov,1976-07-12
John Shaw (chess player),1968-10-16
Andrei Shchekachev?action=edit&redlink=1,
Ruslan Shcherbakov,1969-09-14
Joshua Sheng,
Davit Shengelia?action=edit&redlink=1,
Miron Sher,1952-06-29
Alex Sherzer,1971-02-01
Kirill Shevchenko,2002-09-22
Aleksandr Shimanov,1992-05-08
Sergei Shipov,1966-04-17
Alexei Shirov,1972-07-04
Vadim Shishkin,1969-03-04
Ivan Schitco,2003-01-04
Iuri Shkuro?action=edit&redlink=1,
Aleksandr Shneider?action=edit&redlink=1,
Samy Shoker,1987-08-01
Anton Shomoev?action=edit&redlink=1,
Nigel Short,1965-06-01
Evgeny Shtembuliak,
Veniamen Shtyrenkov?action=edit&redlink=1,
Yury Shulman,1975-04-29
Igor Shvyrjov?action=edit&redlink=1,
Shyam Sundar (chess player)?action=edit&redlink=1,
Luca Shytaj,1986-02-03
Sebastian Siebrecht,1973-04-16
Guðmundur Sigurjónsson,1947-09-25
Vaszilij Sikula?action=edit&redlink=1,
Pavel Šimáček,1979-04-28
Vladimir Simagin,1919-06-21
Mikhail Simantsev?action=edit&redlink=1,
Radoslav Simić?action=edit&redlink=1,
Hrair Simonian,1991-01-08
Amon Simutowe,1982-01-06
Javokhir Sindarov,2005-12-08
Marcel Sisniega Campbell,
Vitaly Sivuk?action=edit&redlink=1,
Sanan Sjugirov,1993-01-31
Pavel Skatchkov?action=edit&redlink=1,
Spyridon Skembris?action=edit&redlink=1,
Jure Škoberne?action=edit&redlink=1,
Dmitriy Skorchenko?action=edit&redlink=1,
Sergio Slipak?action=edit&redlink=1,
Bogdan Śliwa,
Roman Slobodjan,
Sergey Smagin,1958-09-08
Jan Smeets,1985-04-05
Jan Smejkal,1946-03-22
David Smerdon,1984-09-17
Ilya Smirin,1968-01-12
Anton Smirnov (chess player),2001-01-28
Igor Smirnov (chess player)?action=edit&redlink=1,
Pavel Smirnov,1982-04-14
Axel Smith (chess player),1986-06-27
Bryan Smith (chess player),1980-02-26
Vasily Smyslov,1921-03-24
Wesley So,1993-10-09
Bartosz Soćko,1978-11-10
Monika Soćko,1978-03-24
Ram Soffer,
Christophe Sochacki?action=edit&redlink=1,
Andrei Sokolov,1963-03-20
Ivan Sokolov (chess player),1968-06-13
Dragan Šolak,1980-03-30
Maarten Solleveld?action=edit&redlink=1,
Yuri Solodovnichenko?action=edit&redlink=1,
Kenny Solomon,1979-10-08
Evgeniy Solozhenkin,1966-07-31
Andrew Soltis,1947-05-28
Raymond Song,
Francesco Sonis,2002-04-29
Ariel Sorín,1967-04-26
Aleksey Sorokin (chess player)?action=edit&redlink=1,
Maxim Sorokin,
Tomas Sosa?action=edit&redlink=1,
Gennadi Sosonko,1943-05-18
Hugo Spangenberg,
Vasil Spasov (chess player),
Boris Spassky,1937-01-30
Liuben Spassov,1943-03-23
Jon Speelman,1956-10-02
Nikola Spiridonov,1938-02-28
Wouter Spoelman,1990-06-05
Kevin Spraggett,1954-11-10
Jan Michael Sprenger,1982-11-26
Sriram Jha,1976-07-18
Gideon Ståhlberg,1908-01-26
Nikolaus Stanec,
Markus Stangl,1969-04-24
Zvonko Stanojoski,
Stany G.A.,1993-01-22
Ilmārs Starostīts,1979-05-30
Michael Stean,1953-09-04
Antoaneta Stefanova,1979-04-19
Hannes Stefánsson,1972-07-18
Leonid Stein,1934-11-12
Nitzan Steinberg?action=edit&redlink=1,
Héðinn Steingrímsson,1975-01-11
Andrea Stella (chess player)?action=edit&redlink=1,
Daniël Stellwagen,1987-03-01
René Stern?action=edit&redlink=1,
Hrvoje Stević?action=edit&redlink=1,
Jiří Štoček,1977-05-10
Igor Štohl,1964-09-27
Dalibor Stojanović (chess player)?action=edit&redlink=1,
Mihajlo Stojanović?action=edit&redlink=1,
Gösta Stoltz,
Jacek Stopa,
Titas Stremavičius,1998-02-15
Aleksa Striković,1961-05-12
Alexander Stripunsky,1970-08-18
Noël Studer,1996-10-18
Andrey Stukopin?action=edit&redlink=1,
Kirill Stupak,1990-03-16
Raven Sturt,1993-08-01
Zurab Sturua,1959-06-08
Mihai Şubă,1947-06-01
Bharath Subramaniyam,2007-10-17
Alexey Suetin,1926-11-16
Nenad Šulava?action=edit&redlink=1,
Aydin Suleymanli,2005-03-22
Šarūnas Šulskis,1972-11-26
Oleksandr Sulypa?action=edit&redlink=1,
Andrey Sumets?action=edit&redlink=1,
Aaron Summerscale,1969-08-26
Sundararajan Kidambi?action=edit&redlink=1,
Jaime Sunye Neto,1957-05-02
Luis Paulo Supi,1996-10-10
Herman Suradiradja,1947-10-14
Emil Sutovsky,1977-09-19
Duncan Suttles,1945-12-21
Frederik Svane,2004-01-21
Rasmus Svane,1997-05-21
Evgeny Sveshnikov,1950-02-11
Dmitry Svetushkin,1980-07-25
Peter Svidler,1976-06-17
Swapnil Dhopade,1990-10-05
Mishra Swayams?action=edit&redlink=1,
Dariusz Świercz,1994-05-31
Robin Swinkels?action=edit&redlink=1,
Klementy Sychev?action=edit&redlink=1,
Gergely-Andras-Gyula Szabó?action=edit&redlink=1,
Krisztián Szabó (chess player)?action=edit&redlink=1,
László Szabó (chess player),1917-03-19
Péter Székely,
Amin Tabatabaei,2001-02-05
Branko Tadić?action=edit&redlink=1,
Farhad Tahirov?action=edit&redlink=1,
Mark Taimanov,1926-02-07
Mikhail Tal,1936-11-09
Taleb Moussa,1978-07-01
Vladimír Talla?action=edit&redlink=1,
Justin Tan,1997-03-19
Tan Zhongyi,1991-05-29
Andrew Tang,1999-11-29
Aryan Tari,1999-06-04
James Tarjan,
Konstantin Tarlev?action=edit&redlink=1,
Savielly Tartakower,1887-02-21
Marcin Tazbir,1988-08-22
Serik Temirbayev?action=edit&redlink=1,
Hugo Ten Hertog?action=edit&redlink=1,
Samvel Ter-Sahakyan,1993-09-19
Rudolf Teschner,
Henrik Teske?action=edit&redlink=1,
Vitaly Teterev,1983-01-07
M. S. Thejkumar?action=edit&redlink=1,
Nikolas Theodorou,2000-09-17
Pravin Thipsay,1959-08-12
Bragi Thorfinnsson,1981-04-10
Thröstur Thórhallsson,1969-03-19
Jesper Søndergaard Thybo,1999-01-10
Jurij Tihonov?action=edit&redlink=1,
Hans Tikkanen,1985-02-06
Viacheslav Tilicheev,1994-07-17
Jan Timman,1951-12-14
Artyom Timofeev (chess player),1985-01-06
Gennadij Timoscenko,1949-04-27
Georgy Timoshenko?action=edit&redlink=1,
Jingyao Tin,2000-07-13
Raj Tischbierek,1962-09-24
Jonathan Tisdall,1958-08-26
Petr Tishin?action=edit&redlink=1,
Sergei Tiviakov,1973-02-14
Vladislav Tkachiev,1973-11-09
Miodrag Todorcevic,
Todor Todorov (chess player)?action=edit&redlink=1,
Goran Todorović?action=edit&redlink=1,
Tibor Tolnai?action=edit&redlink=1,
Alexander Tolush,1910-05-01
Evgeny Tomashevsky,1987-07-01
Jacek Tomczak (chess player),1990-03-05
Veselin Topalov,1975-03-15
Carlos Torre Repetto,1904-11-29
Eugenio Torre,1951-11-04
Miroslav Tošić?action=edit&redlink=1,
Leonid Totsky?action=edit&redlink=1,
Homayoon Toufighi,1990-03-21
Predrag Trajković?action=edit&redlink=1,
Trần Tuấn Minh,1997-10-21
Marko Tratar?action=edit&redlink=1,
Pavel Tregubov,1971-12-21
Petar Trifunović,1910-08-31
Georgi Tringov,
Leonardo Tristán?action=edit&redlink=1,
Kayden Troff,1998-05-06
Mark Tseitlin,1943-09-23
Vitaly Tseshkovsky,1944-09-25
Zhamsaran Tsydypov?action=edit&redlink=1,
Từ Hoàng Thông,1972-06-22
Adam Tukhaev?action=edit&redlink=1,
Vladimir Tukmakov,
Gennady Tunik?action=edit&redlink=1,
Matthew Turner (chess player)?action=edit&redlink=1,
Maxim Turov,1979-12-07
Dimitri Tyomkin,1977-03-25
Elizbar Ubilava,1950-08-27
Mijo Udovčić,1920-09-11
Wolfgang Uhlmann,1935-03-29
Mikhail Ulibin,1971-05-31
Wolfgang Unzicker,1925-06-26
Henry Urday Cáceres?action=edit&redlink=1,
Frode Urkedal,1993-05-14
Anna Ushenina,1985-08-30
Maxime Vachier-Lagrave,1990-10-21
László Vadász,1948-01-27
Rafael Vaganian,1951-10-15
Suri Vaibhav?action=edit&redlink=1,
Anatoly Vaisser,
Levente Vajda,1981-02-13
Jahongir Vakhidov,
Tahir Vakhidov?action=edit&redlink=1,
Diego Valerga?action=edit&redlink=1,
Francisco Vallejo Pons,1982-08-21
Alessio Valsecchi?action=edit&redlink=1,
Erik van den Doel,1979-05-15
Paul van der Sterren,1956-03-17
Karel van der Weide?action=edit&redlink=1,
John van der Wiel,1959-08-09
Jorden van Foreest,1999-04-30
Lucas van Foreest,2001-03-03
Robin van Kampen,1994-11-14
Loek van Wely,1972-10-07
Viktor Varavin?action=edit&redlink=1,
Zoltán Varga (chess player),
Milen Vasilev (chess player)?action=edit&redlink=1,
Evgeni Vasiukov,1933-03-05
Rodrigo Vásquez Schroeder,1969-12-06
Alexander Vaulin?action=edit&redlink=1,
Maxim Vavulin,1998-05-06
Guillermo Vázquez (chess player),1997-03-16
Renier Vázquez Igarza,
Petr Velička,1967-02-26
Petar Velikov,
Dragoljub Velimirović,1942-05-12
Paul Velten?action=edit&redlink=1,
M. R. Venkatesh?action=edit&redlink=1,
Reynaldo Vera González-Quevedo,1961-01-07
Deivy Vera Sigueñas,1992-01-18
Clovis Vernay?action=edit&redlink=1,
Giovanni Vescovi,1978-06-14
Volodymyr Vetoshko?action=edit&redlink=1,
Milan Vidmar,
Vignesh N R?action=edit&redlink=1,
Xavier Vila Gazquez,1990-03-08
Buenaventura Villamayor,1967-05-04
Visakh N. R.?action=edit&redlink=1,
Vishnu Prasanna V.?action=edit&redlink=1,
Yge Visser,1963-07-29
Nikita Vitiugov,1987-02-04
Yevgeniy Vladimirov,1957-01-20
Daniele Vocaturo,1989-12-16
Lothar Vogt,1952-01-17
Stanislav Voitsekhovsky?action=edit&redlink=1,
Marek Vokáč,
Sergey Vokarev?action=edit&redlink=1,
Shamsiddin Vokhidov,2002-01-11
Sergey Volkov (chess player),1974-02-07
Aleksandr Volodin (chess player),1990-12-10
Andrei Volokitin,1986-06-18
Leon Voloshin (chess player)?action=edit&redlink=1,
Alexander Volzhin,1971-02-02
Evgeny Vorobiov,1971-12-13
Pavlo Vorontsov?action=edit&redlink=1,
Vladislav Vorotnikov,
Jan Votava?action=edit&redlink=1,
Andrey Vovk,1991-11-22
Yuri Vovk,1988-11-11
Liam Vrolijk?action=edit&redlink=1,
Bojan Vučković,
Milan Vukić,
Arkadi Eremeevich Vul?action=edit&redlink=1,
Spartak Vysochin?action=edit&redlink=1,
Alexey Vyzmanavin,1960-01-01
Dennis Wagner (chess player),1997-06-19
Utut Adianto,1965-03-16
Matthias Wahls,1968-01-25
Wan Yunguo,
Wang Hao (chess player),1989-08-04
Wang Rui (chess player),1978-04-18
Wang Yue (chess player),1987-03-31
Wang Zili,1968-06-14
Tomasz Warakomski,1989-06-22
Chris Ward (chess player),
Max Warmerdam,2000-03-30
William Watson (chess player),
Tom Wedberg,1953-11-26
Wei Yi,1999-06-02
Peter Wells (chess player),1965-04-17
Wen Yang (chess player),1988-07-07
Jan Werle,1984-01-15
Jonathan Westerberg?action=edit&redlink=1,
Heikki Westerinen,1944-04-27
Oskar Wieczorek,1994-06-13
Michael Wilder,
Simon Williams (chess player),1979-11-30
Luc Winants,1963-01-01
Anthony Wirig?action=edit&redlink=1,
Radosław Wojtaszek,1987-01-13
Aleksander Wojtkiewicz,1963-01-15
Patrick Wolff,1968-02-15
Mathias Womacka?action=edit&redlink=1,
Wong Meng Kong,1963-09-18
Wu Shaobin,1969-02-04
Wu Wenjin,1976-03-10
Xie Jun,1970-10-30
Jeffery Xiong,2000-10-30
Xiu Deshun,1989-02-01
Xu Jun,1962-09-17
Xu Xiangyu,1999-09-19
Xu Yi (chess player)?action=edit&redlink=1,
Xu Yinglun?action=edit&redlink=1,
Xu Yuhua,1976-10-29
Igor Yagupov?action=edit&redlink=1,
Yuri Yakovich,1962-11-30
Nodirbek Yakubboev,2002-01-23
Valeri Yandemirov,1963-02-11
Darwin Yang,1996-12-04
Yang Kaiqi,1988-05-06
Lev Yankelevich?action=edit&redlink=1,
Daniel Yanofsky,1925-03-25
Ye Jiangchuan,1960-11-20
Ye Rongguang,1963-10-03
Arsen Yegiazarian,1970-06-18
Vasily Yemelin,
Alex Yermolinsky,1958-04-11
Denis Yevseev?action=edit&redlink=1,
Mustafa Yılmaz,1992-11-05
Mert Yılmazyerli,1992-09-17
Christopher Woojin Yoo,2006-12-19
Jouni Yrjölä?action=edit&redlink=1,
Yu Ruiyuan,1991-09-13
Yu Shaoteng,1979-03-26
Yu Yangyi,1994-06-08
Leonid Yudasin,1959-08-08
Sergei Yudin (chess player)?action=edit&redlink=1,
Daniil Yuffa,1997-02-25
Leonid Yurtaev,1959-04-03
Sergei Zablotsky?action=edit&redlink=1,
Amir Zaibi,1988-05-22
Darius Zagorskis,1969-11-20
Sergey Zagrebelny,1965-04-09
Gennadi Zaichik,1957-02-11
Alexander Zaitsev (chess player),
"Alexander Zaitsev (chess player, born 1985)?action=edit&redlink=1",
Igor Zaitsev,1938-05-27
Ivan Žaja?action=edit&redlink=1,
Milan Zajić?action=edit&redlink=1,
Igor Zakharevich,
Viacheslav Zakhartsov,1968-03-30
Vladimir Zakhartsov?action=edit&redlink=1,
Oswaldo Zambrana,
Evgeny Zanan,1998-02-05
Alonso Zapata,1958-08-22
Ilja Zaragatski?action=edit&redlink=1,
Pablo Zarnicki,
Zaw Win Lay,1963-10-22
Mikhail Tseitlin,
Robert Zelčić?action=edit&redlink=1,
Elmārs Zemgalis,1923-09-09
Zeng Chongsheng,1993-06-10
Jurij Zezulkin,1971-08-16
Zhang Pengxiang,1980-06-29
Zhang Zhong,1978-09-05
Zhao Jun (chess player),1986-12-12
Zhao Xue,1985-04-06
Zhao Zong-Yuan,1986-06-26
Yaroslav Zherebukh,1993-07-14
Andrey Zhigalko?action=edit&redlink=1,
Sergei Zhigalko,1989-03-28
Zhou Jianchao,1988-06-11
Zhou Weiqi,1986-10-01
Zhu Chen,1976-03-13
Natalia Zhukova,1979-06-05
Raset Ziatdinov,1958-12-27
Steven Zierk,1993-08-27
Dov Zifroni?action=edit&redlink=1,
Yaacov Zilberman,
Štěpán Žilka,1988-11-11
Yaroslav Zinchenko?action=edit&redlink=1,
Helgi Dam Ziska,1990-07-27
Aleksandr Zlochevsky?action=edit&redlink=1,
Dan Zoler,1974-01-10
Andrey Zontakh?action=edit&redlink=1,
Alexander Zubarev,1979-12-17
Oleksandr Zubov?action=edit&redlink=1,
Vadim Zvjaginsev,1976-08-18
